{"cameraMode":{"drawMode":0,"name":"Shaded","section":"Shading Mode"},"sceneLighting":true,"audioPlay":false,"sceneViewState":{"showFog":true,"showMaterialUpdate":true,"showSkybox":true,"showFlares":true,"showImageEffects":true,"showParticleSystems":true},"in2DMode":false,"pivot":{"x":-26.372995376586915,"y":11.352059364318848,"z":-11.06365966796875},"rotation":{"x":0.00029816964524798095,"y":0.9681164026260376,"z":0.0011525138979777694,"w":-0.2505026161670685},"size":58.66261672973633,"orthographic":false}