{"cameraMode":{"drawMode":0,"name":"Shaded","section":"Shading Mode"},"sceneLighting":true,"audioPlay":false,"sceneViewState":{"showFog":true,"showMaterialUpdate":true,"showSkybox":true,"showFlares":true,"showImageEffects":true,"showParticleSystems":true},"in2DMode":false,"pivot":{"x":-98.04732513427735,"y":189.07203674316407,"z":126.38764190673828},"rotation":{"x":0.14887435734272004,"y":0.2575346529483795,"z":-0.04017132893204689,"w":0.9539404511451721},"size":977.89453125,"orthographic":false}