{"cameraMode":{"drawMode":0,"name":"Shaded","section":"Shading Mode"},"sceneLighting":true,"audioPlay":false,"sceneViewState":{"showFog":true,"showMaterialUpdate":true,"showSkybox":true,"showFlares":true,"showImageEffects":true,"showParticleSystems":true},"in2DMode":false,"pivot":{"x":1.62713623046875,"y":5.036821365356445,"z":-1.6635775566101075},"rotation":{"x":0.010496615432202816,"y":0.9586613178253174,"z":0.03566945716738701,"w":-0.28211289644241335},"size":10.0,"orthographic":false}