{"cameraMode":{"drawMode":0,"name":"Shaded","section":"Shading Mode"},"sceneLighting":true,"audioPlay":false,"sceneViewState":{"showFog":true,"showMaterialUpdate":true,"showSkybox":true,"showFlares":true,"showImageEffects":true,"showParticleSystems":true},"in2DMode":false,"pivot":{"x":-35.25692367553711,"y":12.433086395263672,"z":-14.498115539550782},"rotation":{"x":0.008149105124175549,"y":0.9902279376983643,"z":-0.12272724509239197,"w":0.06574927270412445},"size":83.1562271118164,"orthographic":false}