{"cameraMode":{"drawMode":0,"name":"Shaded","section":"Shading Mode"},"sceneLighting":true,"audioPlay":false,"sceneViewState":{"showFog":true,"showMaterialUpdate":true,"showSkybox":true,"showFlares":true,"showImageEffects":true,"showParticleSystems":true},"in2DMode":false,"pivot":{"x":-48.81085205078125,"y":33.372093200683597,"z":48.038841247558597},"rotation":{"x":0.039973169565200809,"y":-0.9051936864852905,"z":0.08746100962162018,"w":0.41402289271354678},"size":35.013736724853519,"orthographic":false}