{"cameraMode":{"drawMode":0,"name":"Shaded","section":"Shading Mode"},"sceneLighting":true,"audioPlay":false,"sceneViewState":{"showFog":true,"showMaterialUpdate":true,"showSkybox":true,"showFlares":true,"showImageEffects":true,"showParticleSystems":true},"in2DMode":false,"pivot":{"x":47.737884521484378,"y":160.34237670898438,"z":515.8252563476563},"rotation":{"x":-0.11501919478178024,"y":-0.09548114985227585,"z":0.011107481084764004,"w":-0.9887391328811646},"size":1900.3255615234375,"orthographic":false}