{"cameraMode":{"drawMode":0,"name":"Shaded","section":"Shading Mode"},"sceneLighting":true,"audioPlay":false,"sceneViewState":{"showFog":true,"showMaterialUpdate":true,"showSkybox":true,"showFlares":true,"showImageEffects":true,"showParticleSystems":true},"in2DMode":false,"pivot":{"x":-83.68609619140625,"y":158.29473876953126,"z":-61.71028137207031},"rotation":{"x":0.03177335113286972,"y":0.8480687141418457,"z":-0.05122022330760956,"w":0.526535153388977},"size":416.44976806640627,"orthographic":false}