{"cameraMode":{"drawMode":0,"name":"Shaded","section":"Shading Mode"},"sceneLighting":true,"audioPlay":false,"sceneViewState":{"showFog":true,"showMaterialUpdate":true,"showSkybox":true,"showFlares":true,"showImageEffects":true,"showParticleSystems":true},"in2DMode":false,"pivot":{"x":-39.27219009399414,"y":20.471479415893556,"z":16.2246036529541},"rotation":{"x":-0.07567557692527771,"y":-0.7705793976783752,"z":0.09315642714500427,"w":-0.6259559988975525},"size":3.553325653076172,"orthographic":false}