{"cameraMode":{"drawMode":0,"name":"Shaded","section":"Shading Mode"},"sceneLighting":true,"audioPlay":false,"sceneViewState":{"showFog":true,"showMaterialUpdate":true,"showSkybox":true,"showFlares":true,"showImageEffects":true,"showParticleSystems":true},"in2DMode":false,"pivot":{"x":-52.302188873291019,"y":30.448101043701173,"z":25.483041763305665},"rotation":{"x":-0.17184653878211976,"y":-0.034559912979602817,"z":0.006029785610735416,"w":-0.9845085144042969},"size":41.117698669433597,"orthographic":false}